unique location,X,Y
nan
Surin Ave
Jurong East St 21 
Braemar Dr 
Hythe Rd 
Fernvale Ln 
Tampines Street 11 
S'goon Ctrl 
Jln Melor 
Bedok South Ave 1 
Seletar Nth Lk
S'goon Gdn Dr
Jln Tua Kong 
Siglap Hill 
Jln Ampas
"Yunnan Dr 1, Rd, Walk"
"Lor 8, 12 Geylang"
Jln Tarum 
Ang Mo KioAve 4 
Pipit Rd 
Joo Chiat Ave
Paya Lebar Cres
Lor 31 Geylang 
Tampines St 33 
Dakota Cres
"Lor 5, 6 RealtyPk"
"Senoko Cres, Dr,Rd"
"Fulton Ave, Rd "
Jurong West St 41 
"Bedok Ln, Walk"
Jln Limau Manis 
Cardiff Gr 
Hougang St 22 
Pasir Ris Gr 
Bedok Nth Ave 2 
Woodlands Ave 6
Sengkang East Ave 
Lor Sarina 
Edgedale Plains 
Kensington Pk Dr 
Jln Hikayat 
Ang Mo Kio Ave 3 
Geylang Bahru 
Hougang St 11
Woodlands Ave 1 
 Jurong Lake Lk 
Parbury Ave
Lor 30 Geylang 
Farrer Rd
"Ubi Ave 1,Cres, Rd 1"
Eunos Cres 
Pk Villas Rise
Jelapang Rd 
Verde Cres
Bedok Nth St 1 
Ang Mo Kio Ctrl 3 
Kg Ampat 
Rowell Rd 
Bt Batok West Ave 2 
Gray Ln 
Frankel Ave
Jln Terang Bulan
Tampines Ave 7 
Quemoy Rd
Simei St 1 
Marsiling Ln 
Macpherson Rd 
Tanah Merah Kechil Lk 
S�goon Nth Ave 1 
Gloucester Rd 
Lor Biawak 
S'goon Nth 
Pasir Ris Dr 3
Jurong West St 71 
"Lor 8, 10, 12,14 Geylang"
Buckley Rd 
Angsana Ave 
"Pemimpin Pl, Ter"
"Lor 6, 8 Geylang "
Bt Panjang Ring Rd 
Marlene Ave 
Marine Vista 
Circuit Lk 
Corporation Dr 
Rifle Range Rd
"Lor 8, 12Geylang"
Ang Mo Kio Ave 8 
Tampines Ave 3 
Woodlands Dr 42 
"Clover Ave, Cres "
Jurong West St 41 
Yishun Ave 9 
Jln Awang 
Hougang St 92 
Cowdray Ave
Punggol Walk
Jln Kemboja 
Sommerville Walk 
Marsiling Dr 
Whampoa Dr
Tampines St 23 
Chiap GuanAve 
Yishun Ave 1 
S'goon Ave 3
East Coast Rd 
Jln Arif 
Admiralty Lk 
Choa Chu Kang Ctrl 
Fajar Rd 
Dover Cres 
Bristol Rd 
Kampong Eunos
Chiap Guan Ave 
Kensington Pk Rd
Lor 17 Geylang 
Jln Lembah Thomson
GeylangRd 
Jurong East St 24 
Jalan Rajah 
"Lucky Hts, View "
Yishun St 81 
Corporation Walk 
Jln Pelajau 
S'goon Ave 1
Redhill Cl 
Vaughan Rd 3
Belgravia Dr
Commonwealth Cres 
Sin Ming Walk 
Jln Suka 
Kim Keat Cl 
Jln Hajjah 
GeyLang Rd 
Mattar Rd 
Tampines Ave 8 
Woodlands Dr 62 
Tampines St 83 
Borthwick Dr 
Choa Chu Kang Cres 
Choa Chu Kang Cres
Marine Cres 
Tampines Ave 3 
Toh Guan Rd East
Jurong West St 42 
Lor 3 Geylang
Fort Rd 
Ang Mo Kio Ave 8 
Brookvale Dr 
Sgn Central
Penjuru Pl
Elias Rd 
Fernvale Cl 
Bendemeer Rd 
Kallang Bahru
Maude Rd 
Lor 3 Geylang
Lor Selangat 
Fernvale Rd
Ubi Ave 1
Tanah Merah Kechil Rd
Bukit Batok East Ave 3 
Strathmore Ave 
Chestnut Gdns 
Bedok Nth Ave 1 
Carmichael Rd
Lorong Marican 
Kampong
Goodman Rd 
Woodlands Ave 6 
Choa Chu Kang Cres 
Carmichael Rd
Joo Hiang Rd 
Sims Dr 
Hougang Ave 5 
Siglap Rd 
Pasir Ris Rise
Alkaff Cres 
Ang Mo Kio Ave 10 
Kim Keat Rd 
Chai Chee St 
Jln Damai 
Chartwell Dr 
Balmoral Rd
Canberra Dr 
"Bedok Ave, Gdn, Rd "
Bedok Nth Ave1 
Paya Lebar Way
Yio Chu Kang Rd 
Tampines Ave 3 
"Verde Cres, Grove"
"Loyang Rise, View "
 Changi Rd 
Ong Lye 
Tampines St 84
Gambas Cres 
Lor 33 Geylang 
Jln Tenaga
Choa Chu Kang Ave 5 
Lengkong Tiga 
Clementi Ave 1 
S'goon Ave 1 
Veerasamy Rd 
Lor 16 Geylang 
"Bedok Ave, Gdn, Rd "
Jln Kelempong 
Jln Eunos 
Ceylon Rd 
West Coast Way
Woodlands Dr 72
Yishun St 61
Hougang Ave 7 
Cheviot Hill 
Jln Aruan 
Lor 31 Geylang
Branksome Rd 
Woodlands Dr 53 
Bedok Rd 
Florence Rd
Lewis Rd 
Lor Ong Lye
Moonstone Ln
Chuan Hoe Ave 
Rd 
Pandan Gdns 
Jln Malu­ Malu 
Jln Manis 
Lor 3 Geylang
Bedok Nth Ave 3 
"Yunnan Dr 1, Rd, Walk 1, Walk 3"
Jln Datoh 
Kaki Bukit Ave 1 
Yishun Ave 5 
Kaki Bt Rd 3
Saujana Rd 
Bt Batok East Ave 5 
Jelebu Rd 
Bt Batok East Ave 4 
Woodlands Sq
Jln Jamal 
Thomson Rd 
Compassvale St 
Jurong East Street 21 
Clementi Ave 2 
Pasir Ris St 72 
Woodlands St 41 
Chai Chee Rd 
"Kim Keat Cl, Ln "
Choa Chu Kang Ave 1
Celyon Rd 
Sembawang Hills Dr 
S'goon Gdn Ter 
Geylang East Ctrl
"Eastwood Green, Rd, Ter, Walk, Way"
Seletar West Farmway 6
Jln Keli 
Pasir Ris St51 
Marine Ter
Lakeside Dr 
Everton Rd
Ceylon Rd 
Choa Chu Kang Ave 2
Brighton Cres 
Tampines St 45 
Siglap Rd 
Gerald Dr
Cassia Cres 
Compassvale Dr 
Yishun Ave 9 
"Bedok Pl, Rd "
WoodlandsCres 
JurongWest St 65
Belimbang Rd 
Jln Sembilang
"Eastwood Dr, Green, Pl, Walk "
Brighton Cres 
Jln Songket 
Bt Merah Central 
Lor 7 Toa Payoh 
Loyang Rise 
Pasir Ris Dr 6 
Loyang Besar Cl
Lakepoint Dr
Bright Hill Cres
Lor 27A Geylang 
Hougang Ave 7 
Beo Cres 
Hai Sing Cres 
Pasir Ris St 11 
Jln Kelabu Asap 
Kim Keat Ln 
Choa Chu Kang Central 
Joo Seng Rd 
Bridport Ave 
Defu Ln 9
Lor Lew Lian 
Champions Way 
Clementi Ave 1 
Pasir Ris St 21 
Fajar Rd 
Wilkinson Rd
Mattar Rd 
Buangkok Cres 
"Loyang Rise, View"
Lor Mydin 
Hougang St 21 
Jln Raya 
Colchester Gr
Middle Rd 
Marsiling Rise 
Upp Cross St 
Pulasan Rd 
Lor 3 Geylang 
Jln Berseh 
Rosewood Dr 
Commonwealth Cl 
Sophia Rd 
Maria Ave 
Bayshore Rd
Bt Batok West Ave 9
Tai Keng Gdns 
Elliot Rd 
Tampines Ave 2 
Gerald Dr 
Hougang Ave 3 
"Jln Limau Manis, Nipis"
"Eunos Ave 6, 7"
Lor 20 Geylang 
Lor Sarina
Simei Street 3
Yung Ho Rd 
Haig Rd 
Jln Sinar Bulan 
Court Rd 
Chai Chee St 
Tanjong Katong Rd
Bloxhome Dr 
Jln Redop 
Bedok South Ave 1 
Telok Blangah Hts 
Grace Pk
Eunos Ave 5B 
Tampines St 81 
"Lor K, L Telok Kurau "
Edgedale Plains 
Senja Rd 
Spottiswoode Pk Rd 
Chai Chee St 
Lakepoint Dr 
Marsiling Rd 
Lor H Telok Kurau 
Everitt Rd 
Aida St 
Clover Cres
Kaki Bt Ave 3
Boon Lay Drive 
Rivervale Cres 
Toa Payoh Ctrl 
East Coast Rd 
Bedok Rd 
Woodlands St 81 
Keat Hong Lk 
Simei Rise 
Jln Chegar 
Woodlands Dr 50 
Mt Faber Rd 
Pasir Ris St 72 
Mt Emily Rd 
Redhill Ln 
Edgefield Plains 
Clementi St 13 
Kranji Way
Jurong West St 81 
"Loyang Rise, View"
Hougang Ave 10 
Carlisle Rd
Sector C Sin Ming Ind Est 
Sembawang Cl 
Siglap Ave South 
"Verde Ave, Cres, Grove, Pl, Walk"
Lor Ong Lye 
 Pasir Ris St 21 
Vernon Pk 
S'goon Ave 4 
Boon Lay Dr
"Amber Gdns, Rd"
Bt Batok East Ave 3 
Bayshore Rd 
Bedok Industrial Pk E 
Pasir Ris St 11 
Choa Chu Kang Loop
Jln Kuang 
Wimborne Rd
CompassvaleWalk 
Bt Batok East Ave 5 
Geylang Rd
Jurong West Ctrl 1 
Jurong West St 71 
"Aroozoo Ave, Ln"
Hooper Rd
Jurong West Street 42 
Sengkang West Way 
Laguna Golf Green
Jln Joran 
Henderson Rd
Jln Salang
Waringin Walk
Ghim Moh Lk 
St George's Rd 
Tampines St 12 
Jurong West St 93 
Eng Kong Pl
Cornwall GdnsFarrer Rd 
Bt Batok East Ave 4 
Boon Lay Dr 
Aljunied Rd 
Telok BlangahRise 
Somapah Rd 
Bt Purmei Rd 
Keppel Bay Dr 
Anthony Rd 
Yishun Ctrl 
Lor 19 Geylang 
Lor 27 Geylang 
Kings Dr 
Tampines St 44
Jln Chermat 
Bedok Nth St 2 
"Yunnan Cres, Dr 2"
Bedok Nth St 1 
Jurong West Ctrl 1 
 Hougang Ave 3 
"Lor 4, 6, 7Realty Park"
"Meragi Cl, Rd"
Faber Ave 
Bt Teresa Cl 
Pulasan Rd
Lor 8 Toa Payoh
Bt Batok WestAve 2 
"Eastwood Dr, Green, Pl, Rd, Ter Walk, Way"
Tampines St 72 
Jln Sendudok 
Chuan Link 
Jln Rajah 
Ang Mo Kio Ave 1 
Jurong West St 24 
Goodman Rd
"Parry View,Walk"
Chander Rd 
Commonwealth Ave 
Paya Lebar Way 
Chiltern Dr 
Lor H Telok Kurau 
Charlton Rd 
Jurong West St65 
Upp S'goon Cres 
Eunos Ave 5 
Kovan Rd 
"Yunnan Cres, Dr 3"
Leith Rd 
Lor 24 Geylang 
Bendemeer Rd 
Seletar West Farmway 6
"Tanah Merah Kechil Ave, Rd"
Corporation Rise
Jln Jelita 
Jln Hitam Manis
Harlyn Rd 
Lor 4 Toa Payoh 
Hougang Ave 1 
Florence Rd 
Ho Ching Rd 
Lompang Rd 
Jurong West St 25 
Kim Keat Ave 
Commonwealth Ave West 
Yuan Ching Rd
Teck Whye Ln 
Fernvale Ln
"Chuan Dr, Lk, Pl"
Jln Limau Kasturi 
Choa ChuKang Ave 2
Boon Lay Pl 
Angklong Ln 
Dorset Rd 
River Valley Rd
Dix Rd 
Ang Mo Mio Ave 1 
Sembawang Dr 
Bedok Nth Ave 2 
Bishan St 22
Canberra Dr 
"Casuarina Rd, Walk"
Cambridge Rd 
"Lor K, L Telok Kurau"
Hougang Ave 6 
Bedok South Ave 3 
Bt Batok St 25 
Segar Rd 
"How Sun Ave, Cl "
Jurong West St 91 
Brookvale Dr
Chai Chee Rd 
Choa Chu Kang Ave 1 
Jln Ulu Sembawang 
Choa Chu KangAve 2 
Jln Melor 
Geylang East Ave 2 
"Joo Chiat Ave, Pl"
Golden Walk
Jurong West Ave 5
S'goon Ave 1 
Golden Rise 
Ang Mo Kio Ind Pk 2A 
Jln Binchang
Queen St 
Compassvale Lk 
Seletar Hills Dr
"Joo Chiat Ave, Pl, Walk"
"Telok Blangah Rise, Way"
Frankel Ave 
Woodlands St 81 
McNair Rd
Alexandra Rd
S'goon Central 
Belgravia Dr 
Kaki Bukit Rd 3
Jln Damai 
"Eastwood Dr, Green, Pl, Rd, Ter, Walk, Way "
Lim Tua Tow Rd 
Lor Limau 
"Gentle Dr, Rd "
Dunbar Walk
Ardmore Pk
"How Sun Ave, Cl, Dr "
Everitt Rd
"Pasir Ris Dr 3, Dr 4, Lk "
Lor Limau 
Ang Mo Kio St 52 
Jurong West St 75 
Bt Batok St 21
Pasir Ris St 41 
"Bedok Rise, Ter "
Bideford Rd 
Towner Rd 
Compassvale Ln
Grace Walk 
"Lor 27, 27A Geylang"
Anchorvale Lk 
Newton Rd 
Hai Sing Cres 
Woodlands Dr 40 
Upp S'goon Rd 
Woodlands St 41
Woodlands Dr 44 
Joo Seng Rd
Glasgow Rd 
"Ah Soo Gdn, Walk"
Woodlands St 82 
Pasir Ris St 53 
Desker Rd 
Hougang Ave 4 
Pasir Ris St 51 
Jln Taman 
S'goon Gdn Way
Gerald Cres
Jln Mariam 
Bedok Nth Ave 1 
Lor 22 Geylang
Hougang Ave 3 
Cantonment Cl 
Choa Chu Kang Grove 
Sungei Kadut Way
Choa Chu Kang St 52 
Pheng Geck Ave 
Champions Way 
Simei Rise 
Cashew Cres
Bt Batok St 24 
Leedon Hts 
New Upp Changi Rd 
Morning Glory)
West Coast Cres
Defu Ave 2
Joo Koon Rd 
Recreation Ln 
Jln Hajijah 
Woodlands Dr 50 
"Yunnan Dr 1, Dr 3, Rd, Walk 1"
Jln Tani
Tampines Ave 4
Joo Chiat Ln 
Tampines Ave 4
Jln Lepas 
Yishun Ring Rd 
Compassvale Cres 
Tanah Merah Kechil Rd 
Woodlands Dr 75 
Bt Batok EastAve 4 
S'goon Nth Ave 1 
Jurong East St 31 
Montreal Dr 
Tanah Merah Kechil Lk
Hougang St 91 
Margate Rd
"Tai Hwan Pl, Ter"
Jln Lokam
Jln Kakatua 
"Lor 7, 9Geylang "
Jln Singa 
Jln Redop 
Lor Pisang Hijau 
Sector C Sin Ming Ind Est 
Rivervale Walk 
Loyang Rise
"Bright Hill Cres, Dr "
Sembawang Pl 
Holland Ave
Jln Teck Whye 
Robin Ln 
Hougang St 11 
Punggol Walk 
"East Coast Ave, Ter "
Dedap Lk 
Jln Ketumbit 
Jurong West St 64
Hougang St 21
Yio Chu Kang Rd 
Jln Senang 
Ubi Ave 4
Woodleigh Cl
Yishun Ave 1 
Joo Chiat Pl 
Woodleigh Cl 
Serangoon Ave 1 
Edgefield Plains 
Bedok Reservoir Rd 
Potong Pasir Ave 1 
Clementi Ave 2
Butterfly Ave
Jln Lapang 
Holland Rd 
Cardiff Grove 
Cashew Cres 
Balestier Rd
Chestnut Ave
Chu Lin Rd 
Redhill Cl 
Pasir Ris St 71 
Bayshore Rd
Eden Gr 
Tampines St 91 
Jln Keruing 
Woodlands Dr 14 
"Lor 24A, 26,28 Geylang"
Sembawang Pl
Medway Dr
Koon Seng Rd 
Choa Chu Kang Ctrl 
"Pk Villas Green, Ter"
Ang Mo Kio Ave 1 
Kg Arang Rd 
Branksome Rd 
"Mt Sinai Dr, Rise"
Yunnan Cres
Teban Gdns Rd 
"Duku Ln, Pl "
Butterworth Ln 
Punggol Field Walk 
Lor 6 Geylang 
Kaki Bt Rd 3
Jurong West St 41 
King Georges Ave 
Clementi Ave 3 
Kitchener Lk 
Gentle Dr 
Bt Batok St 21 
Elite Pk Ave 
Choa Chu KangAve 1 
Anchorvale Link 
"Sungei Kadut St 1, 2"
"Flora Dr, Rd"
Cable Rd 
Fulton Ave 
Choa Chu Kang Ave 4 
Pk Villas Green
Chai Chee Dr 
Middle Rd
Kensington Pk Rd 
Lor M Telok Kurau 
Still Rd 
Tampines Ave5 
"Frankel Cl, Dr, St"
Hillside Dr 
"West Coast Pl, Ter"
Corporation Rd 
Lavender St 
"Siglap Bank, Dr "
Woodlands Dr 70 
Bedok Nth St 5
Jln Tua Kong 
Tampines St 22 
Telok Blangah St 31 
Hougang Ave 10
Belmont Rd 
Jurong East St 13 
Jurong West St 92 
Anchorvale Link
Moulmein Rd 
 Jln Bangau 
Meyer Rd 
Holland Hill 
Rivervale Dr 
Marine Parade Rd
Choa Chu Kang Cres 
Jln LoyangBesar 
Ang Mo Kio Ave 6 
Jln Sahabat 
Lor 6 Toa Payoh 
"Lor 25A, 27,27A Geylang"
Lor J Telok Kurau 
Nallur Rd 
Desker Rd 
Marsiling Rise 
Macpherson Rd 
Jln Masjid 
Bedok Nth Ave 2 
Whampoa Rd 
Marina Boulevard 
Bedok Ria Cres 
Florence Rd 
Jln Belangkas 
"JlnGelenggang,Tarum "
Telok Blangah Rise 
Frankel Dr 
Punggol Way 
Berwick Dr
Aroozoo Ln 
"Lor G, H TelokKurau"
Pasir Ris Dr 4
Ashwood Grove
Chai Chee Drive 
Yishun Ave 5
Trevose Cres 
"Kim Chuan Dr, Ter"
Dorset Rd 
Tampines St 71 
Bedok Nth Ave 4 
Yishun Ind St1 
Yuk Tong Ave
Lengkok Bahru 
"Verde Ave, Cres, Grove, Pl, Walk"
Chun Tin Rd 
Woodlands St 81 
Boundary Cl 
Jurong West St 61 
Balestier Rd 
Jln Gembira
Colchester Gr 
Potong Pasir Ave 3 
Lengkong Dua 
Kitchener Lk
Kim Chuan Dr
Golden Walk 
Angklong Ln 
"Happy AveCentral,East, Nth "
Casuarina Walk 
"Lor 6, 7 Realty Pk "
Guillemard Rd 
Fraser St
Bristol Rd 
Jln Kesoma
S'goon Nth Ave 1 
Tampines St 34 
Lengkong Satu 
Tampines St 22 
Chai Chee Rd 
Ang Mo Kio Ave 4 
Jln Membina
"Lor 25A, 27, 27AGeylang"
Lor Marzuki
Jurong West St52 
Kensington Pk Dr 
S'goon Ave 2 
Eunos Cres 
Woodlands Circle 
Yung An Rd 
"Joo Chiat Rd,Ter"
Holland Dr 
Fidelio St 
Paya Lebar
Yishun Ave 7
Choa Chu Kang Ave 4 
Corporation Dr 
Jurong West St 81 
Tanjong KatongRd
Fernvale Ln 
Dalhousie Ln 
Tampines Rd
"Lor 14, 16 Geylang"
"Verde Ave, Cres"
Sengkang East Ave 
Grace Walk 
Joo Chiat Ter 
"Lor 14, 16, 20 Geylang"
Hillview Ave 
Woodlands Dr 62 
Jurong East St 32 
Jln Gembira 
Jln Kechubong
"Simon Ln, Pl"
Bt Timah Rd 
Jurong West St 65 
Dunman Rd
Jln Tani 
"Jansen Cl, Rd "
Jln Sentosa 
Hougang St21 
Lor Ah Soo 
S'goon Ave 3 
Lor 24A Geylang 
Woodgrove View 
Jurong West St41 
Ang Mo Kio Ave 10 
Ang Mo Kio Ave 3 
Tamarind Rd 
Paya Lebar Cres 
Simei St 2 
Wellington Circle 
Woodlands Dr 72 
Evelyn Rd 
Gangsa Rd 
Buckley Rd 
"Eunos Ave 1, 4, 5, 5A, 6, 7, 8, 8A "
Amber Gdns
Compassvale Dr 
Lor 27A Geylang 
Jln PutehJerneh 
Yishun Ave 5 
Hougang Ave 8 
Woodlands Ind Pk E1 
Kwong Ave 
Toh Cl 
Elite Pk Ave 
Ah Soo Gdn 
"Toh Tuck Dr, Rd"
Ang Mo Kio Ave 6 
S'goon Ctrl Dr 
Tampines St 21 
Everitt Rd 
Canberra Lk 
Compassvale Bow 
"Lor 12, 16 Geylang"
Marshall Rd
HougangAve 3 
Tampines St 11 
Kallang Bahru 
Frankel Ave
Joo Chiat Pl 
Boon Lay Ave
"Lor 37, 39Geylang"
Jurong West St 74 
Clementi St 12 
Jln Jurong Kechil
Chestnut Ave 
"Lor K, L Telok Kurau "
Cassia Cres
"Riverina Cres, View"
Upp East Coast Rd
Joo Chiat Ln 
Woodlands St 13 
Lor 7 Toa Payoh 
Hougang St 11 
St Georges Rd 
Clementi West St 2 
Lor L Telok Kurau
Tampines St 84 
Queens Rd 
Hougang St 11 
Carisbrooke Grove 
Eunos Ave 3
"Lor 7, 9, 11,13 Geylang"
Lor 3 Geylang Rd 
Hougang St 92 
Kian Teck Ave 
 Gangsa Rd 
Lor Ampas 
Balmeg Hill 
Marsiling Cres 
Yishun St 72 
"Begonia Ln, Ter "
"Bright Hill Cres, Dr "
Lor Napiri
Woodlands St 31 
Charlton Ln
Tampines St 33
Joo Chiat Rd 
Ang Mo Kio Avenue 3<br
Jln Mata Ayer 
Bt Batok West Ave 9 
Jln Anak Bt 
Hougang Ave 9 
Yung Ping Rd 
Edgedale Plains 
Rose Ln 
Joo Seng Rd 
Lor 8 Toa Payoh 
Palm Dr
Loyang Besar Cl 
Lothian Ter
Almond St
East Coast Ave
Bencoolen St
Bt Batok St 33 
Bedok Ria Cres
Tampines St 34 
Lucky Hts
Hougang Ave 5 
Hougang Ave 10 
MacPherson Rd 
Wallich St 
"Lor 20, 22 Geylang "
Merryn Rd 
Silat Ave 
Jurong West St 65 
Anchorvale Link 
"Woodlands Lk, Ter"
Bt Batok St 24 
Tuas View Square 
Mayflower Way
Kim Tian Rd 
Jln Mastuli 
Pasir Ris Dr 3 
Pheng Geck Ave 
Bedok Nth St 5
Jln Hock Chye
Boundary Rd 
Kaki Bt Ind Ter 
Hougang Ave 3 
Bayshore Rd 
Circuit Link 
Crescent Rd 
Whitchurch Rd
Elite Ter 
Yishun Ave 6 
Jln Sempadan 
S'goon Ave 2 
Jln Rumah Tinggi 
Tampines St 12
Arozoo Ave 
Jln Korban 
Meyer Rd 
Pasir Ris St 51 
Yishun Ave 3 
Upp S'goon View 
Hougang St 61 
Toh Yi Dr 
Jln Setia 
Jln Seaview 
Marine Ter 
Kang Choo BinRd 
Lor 20 Geylang 
Choa Chu Kang Ave 4 
Bedok South Ave 2 
Tai Keng Gdns
Hougang Ave 9
Jurong West St 81 
Upp Changi Rd 
"Yunnan Cres, Dr 2, 3"
Punggol Ctrl 
Yishun St 31 
Aroozoo Ave 
Lor L Telok Kurau
Jurong West St 42 
Jln Langgar Bedok 
Yishun Ave 4 
Ang Mo Kio Ave 2
Sin Ming Rd 
Bkt Timah Rd 
Hougang Ave 8 
Jln Langgar Bedok
"Verde Ave, Grove"
Enggor St 
Lor 24AGeylang 
Jln Limau Purut
Gangsa Rd 
Bendemeer Rd 
"Lor 25A, 27 Geylang"
Hougang Ctrl 
Bowmont Gdns 
"Lor 9, 13, 15, 17,19 Geylang"
Tampines Ave 8 
Boscombe Rd 
Jln Buloh Perindu
Towner Rd 
Broadrick Rd
Leith Pk
Lor How Sun 
Chuan Hoe Ave 
Woodleigh Cl
Woodlands Rd 
Jln Kenarah 
Sungei Kadut Loop 
Jln Kelempong
"Yunnan Dr 1,Rd"
Choa Chu Kang St 51
Pasir Ris St 71 
Jln Kayu 
Chai Chee Ave 
Ang Mo Kio Ave 1 
Bt Teresa Rd 
Leedon Hts 
Choa Chu Kang Ctrl 
Chancery Ln 
Lengkong Tiga 
Bedok Nth St 2
"Amber Gdns,Rd"
Joo Chiat Pl
Binchang Walk 
Vernon Pk
Woodlands Dr 60 
"Lor 4, 8, 10, 12,16 Geylang"
"Lor 20, 22 Geylang"
Upp Boon Keng Rd 
Woodlands Ave 4
Woodlands Ave 4 
Sungei Kadut St 1
Jln Kechubong 
"Eng Kong Cres,Ter"
Upp Bt Timah Rd 
Holland Rd 
Jln Leban
Almond Cres 
Hougang St 51 
Pasir Ris Rise 
Ang Mo Kio Ave4 
Pending Rd 
Jln Pintau
Kovan Rise 
Loyang Ave 
Cornwall Gdns
Hazel Pk Ter 
Selegie Rd 
Cuff Rd 
Woodlands Dr 70
Bishan St 11 
Upp S'goon Rd
Keng Lee Rd 
Lor 14 Geylang 
Mei Hwan Dr 
Woodlands Dr 14
Lor K Telok Kurau
Pasir Ris Link 
Ee Teow Leng Rd 
Nim Rd 
Sembawang Cl 
Lor 24 Geylang
Butterworth Ln 
Tanah Merah 
Lor G Telok Kurau 
Clementi Ave 6 
Jurong West St 61 
Jln Loyang Besar 
Sophia Rd 
Yishun Ave 4 
Choa Chu Kang St 54 
Joo Ave
Butterworth Ln 
Geylang
Fernvale Rd 
River Valley Rd 
Ee Teow Leng Rd 
Clementi West St 2 
S'goon Nth Ave 3 
Buangkok View
Hougang Ave 4 
Onan Rd
Loyang Cres
Jln Kemaman
Holland Hill
Woodlands Ave 9 
St Patricks Rd
Jln Raya 
"Senoko Cres,Dr, Rd"
Kaki Bt Ave 1 
"Woodlands Ind Pk E3, E5, E7, E9"
Cairnhill Circle
Woodlands Dr 42 
Punggol Rd 
Lor G Telok Kurau 
Jln Sendudok 
Marsiling Cres 
Tanah Merah Kechil Road
Jln Rajawali
Sgn Ave 1 
"Sunrise Ave, Dr "
Tah Ching Rd 
Tah Ching Rd 
Haigsville Dr
Lew Lian Vale 
Kaki Bt Ind Ter
Ang Mo Kio Ave 3 
 Yishun St 72 
Jurong West Ctrl 1 
Bishan St 22 
Pasir Ris Dr 3 
Mt Vernon Rd 
Lor 108 Changi
Anchorvale Cres 
Nallur Rd 
Jln Rabu 
Jln Loyang Besar
Jurong West St 61 
Hougang Ave 8 
KensingtonPark Dr
Lor Melayu 
Joo Chiat Ter 
Bedok Nth St 2 
Toh Guan Road East
Thomson Ridge
Simet St 2 
Bishan St 23
Lor H Telok
Circuit Rd 
Haig Ave 
Yishun St 81 
Lor 8 Toa Payoh 
Compassvale Cres 
"Lor 24A, 26, 28, 32 Geylang"
Maidstone Rd
Pasir Ris St 12 
Lor 16 Geylang 
Amber Rd
Toh Guan Rd 
Teck Whye Ln 
Chempaka Kuning Lk 
Beo Cres 
Jln Tenteram 
Cairnhill Rd 
Pasir Ris Dr 1 
Kurau
Woodlands Dr 60
Lor 33 Getlang 
Bayshore Rd 
"Goldhill Ave, Dr"
Pasir Ris Rise 
Tuas South Way
Bt Batok East Ave 4 
Tampines St 45 
Thrift Dr 
Pasir Ris St 51
Tai Hwan Gr
Woodlands Ind Pk E5
Hindoo Rd 
Woodlands Dr 52 
Rivervale Lk 
Pasir Ris Grove 
Farrer Rd 
Dyson Rd 
Bedok Rise 
Guan Soon Ave 
Kang Choo Bin Walk 
Dido St 
Yishun Ave 1 
Jln Menarong 
"Lor 24, 24A Geylang"
Marshall Rd 
Faber Ave 
Brighton Ave
Rivervale St 
Toh Guan Rd East 
Lor 3 Geylang 
Lor M Telok Kurau 
Belimbing Ave 
"Tanah Merah Kechil Lk, Ave, Rd"
"Mei Hwan Dr, Rd"
Kim Tian Rd 
Yung Ping Rd 
Tampines St 71 
Marine Drive 
Jln Bangau 
Bedok Ria Cres 
Jln Kemboja 
New Upp Changi Rd 
Yunnan Dr 
S'goon Nth Ave 3 
"Eng Kong Cres, Ter"
Metropole Drive
Jln Hikayat
Pasir Ris St 52 
Keng Chin Rd 
Lor Lew Lian 
Yishun Ring Rd 
Mackenzie Rd 
St. Patrick's Rd 
Yishun Central 
Jurong West St42 
Sgn Ave 4 
Lowland Rd 
"Eastwood Dr, Green, Pl, Rd, Ter, Walk, Way "
Jurong West Ave 3 
Parkstone Rd 
Whampoa Dr 
Bedok Nth Ave 1
Jln Anggerek 
"Lor 1, 4 Realty Pk"
Koh Sek Lim Rd
Highland Rd 
Canberra Cres 
Bedok Nth St 1 
St George's Rd 
"Pasir Ris Hts, View"
"Lor 4, 5, 6, 7 Realty Pk"
Cantonment Rd 
Dairy Farm Rd 
"How Sun Dr, Walk "
Compassvale Dr
Rosewood Dr
Jelebu Rd 
Corporation Rd 
Lor 26 Geylang 
Fedelio St 
Bowmont Gdns 
Begonia Dr 
Bedok South Rd
Jln Bahagia 
Hougang Ave 8 
Roseburn Ave
"Toh Dr, Hts"
"Lor 32, 34Geylang"
Telok Blangah Cres 
Compassvale Ln 
Chiap Guan Ave 
Woodlands Dr 14 
Lentor Loop 
 Ang Mo Kio Ave 10 
"Lor 15, 17Geylang"
Havelock Rd 
Bloxhome Dr 
Jellicoe Rd 
Yunnan Dr 1 
Yishun Ave 2 
Teban Gardens Rd 
Ah Hood Rd
Marine Cres 
Jln Gumilang 
Rivervale St 
Geylang Rd JlnSuka 
Lincoln Rd 
Eunos Ave 7 
"Merryn Ave, Rd, Ter"
Dakota Cres 
Teck Whye Ln
Jln Ismail 
Jln Sinar Bintang 
"Sennett Ave, Pl"
Jln Punai 
Yishun Ave 9 
New Upp Changi Rd 
Jln Kurnia 
Hougang St 91
Pasir Ris St 52 
"Pasir Ris Dr 4, Lk"
Potong Pasir Ave 2 
Yishun St 81 
Tai Hwan Hts
Yishun Ave 5 
Loyang Ave 
Jln Simpang Bedok 
"Begonia Dr, Ln, Ter, Walk "
Braddell Rd 
Chestnut Dr 
Tampines St 12 
Bt Batok St 34 
"Eng KongCres, Rd "
Ang Mo Kio Ave1 
Pillai Rd
Jln Damai 
Tampines Ave 7 
Countryside Pl 
Wan Tho Ave
Jln Raya
Woodlands Ave 1 
Hougang Ave 8 
Yishun Ave 4
S'goon Ave 2 
"Bedok Pl, Rd"
Jln Sempadan
Bedok Reservoir View 
Jln Chulek 
Ubi Rd 1
Hillview Ave
Joo Chiat Ter
Terang Bulan Ave
Eunos Cres
Eastwood Dr
Choa Chu Kang Ave 2 
Sembawang Cres
Geylang East Ave 1 
Meyer Rd
Alexandra Rd 
Choa Chu Kang Nth 6 
Kim Keat Lk 
Rochor Canal Rd 
Jurong West St 65
Jln Bangsawan 
"Lor 4, 6, 7 Realty Pk"
"Bedok Rd, Walk"
Farrer Rd 
Yio Chu Kang Rd
Jln Bangsawan
Rowell Rd 
Sunbird Circle
Bt Batok St 31 
Surin Rd 
Hougang Ave 2
Boon Teck Rd 
Chai Chee Dr
"Verde Ave, Pl"
Gloucester Rd 
Jurong East St 13 
Jurong West St 71 
"Eng Kong Cres, Gdn"
Hougang St 21 
Kingswear Ave
Lengkok Bahru 
Rivervale Lk 
Lor 14 Geylang 
"West Coast Ave, Ter"
S'goon Rd 
Hougang Ave 2 
Hougang Ctrl 
Kismis Ave
Rivervale Walk 
Lor 7 Geylang 
S'goon Ctrl Dr 
Court Rd 
Jln Pelatina 
Miltonia Cl
Pasir Ris Dr 3 
Carpmael Rd 
Bishan St 24
Casuarina Rd
Tai Seng Ave
Bt Panjang Rd 
Hougang Ave 2 
Jln Usaha 
Tampines St 86 
Bt Batok West Ave 6 
Ang Mio Kio Ave 10 
Woodlands Dr 44 
Bt Batok West Ave 5 
Jln Remis 
Dorset Rd
Merpati Rd 
Bt Batok East Ave 3 
West Coast Rd 
East Coast Ave
Joo Chiat Rd 
Hougang Ave 1 
Bt Batok St 34 
Guillemard Ln 
Corporation Drive 
Lor 30 Geylang 
Mandai Est
Pearl Bank 
Compassvale Dr 
Tampines St 45
Tampines St 32 
Woodlands Dr 62 
Nth Bridge Rd
Jln Setia 
Tai Seng Dr
Kaki Bt Industrial Ter
Jln Chegar 
Jln Kemuning 
"Daisy Ave, Rd "
Jln Senang 
"Farrer Dr, Rd"
Compassvale Link 
Defu Ln 7
Tampines St 24 
Sembawang Dr 
Tampines St 84 
Tai Hwan Grove 
Jurong West St 91 
"Brighton Ave, Cres "
Jurong West Ctrl 1 
"Lor 16, 20, 22 Geylang "
Hougang Ave 10 
Woodlands St 83 
Coronation Rd 
French Rd 
"Lor 6, 8, 12, 14Geylang"
Pandan Gdns
Yishun Ave 6
Dunbar Walk 
Rose Ln 
Compassvale Ln 
Flora Dr 
Kee Choe Ave 
Lengkong Empat
Lor Marican 
Woo Mon Chew Rd
Lor 39 Geylang 
Highland Rd 
Pasir Ris St 41 
Cheow Keng Rd 
Jln Limau Nipis
"Lor K Telok,Kurau "
Toa Payoh Nth 
"Bt Purmei Rd Blk 109, 115)"
Jurong East St 21 
Woodleigh Pk
S'goon North Ave 1 
"Eng Kong Cres, Gdn"
Tah Ching Rd 
"Highland Rd, Walk "
Sims Dr 
Rivervale Cres 
Jln Membina 
Jln Kechubong          
Tampines St 11 
Arthur Rd
Lor 2 Toa Payoh 
Westwood Cres
Bournemouth Rd
Lor 3 Geylang 
Ang Mo Kio Ave 2 
Havelock Rd 
Jln Tanah Puteh 
"Bedok Ln, Rd, Walk "
Hemsley Ave
Sembawang Cres 
Choa Chu Kang St 52 
Simei St 3
Choa Chu Kang Ave 1
Tampines Ave 5 
Hougang St 51 
Tampines St 42 
 Shunfu Rd 
Tampines St 81 
Jurong East St 21 
Ho Ching Rd
"Kew Ave, Cres"
"Poh Huat Rd, Ter"
Kaki Bt Ave 3
Bowmont Gdns
Lor 32 Geylang 
Canberra Rd 
Farrer Rd 
Kim Keat Rd 
Jurong West Ave  
BedokReservoir Rd
Lor 24A Geylang 
Lor 21 A Geylang 
Hougang St 61 
Yishun St 22
Telok BlangahDr 
Bartley Rd 
How Sun Cl 
"Lor 1, 4 Realty Pk"
Ang? Mo Kio St 52 
Shunfu Rd 
Poh Huat Ter
Carpmael Rd
Bt Batok West Ave 5 
"Lor 6, 7 Realty Pk"
Tampines St 71 
Tampines St 41 
Berwick Dr 
Yishun St 71 
Swiss View 
Choa Chu Kang St 52 
How Sun Close Quemoy Rd 
East Coast Ave 
"East Coast Rd, Ter"
Jln Hussein 
Lim Teck Boo Rd 
The Inglewood
Lor K TelokKurau
Rd 
Kallang Bahru 
Lor 15 Geylang
Lor K Telok Kurau 
Lor 27 Geylang 
"Westwood Ave, Cres, Walk"
"Toh Cres, Dr"
Upp Bt Timah Rd 
Bright Hill Cres
Clementi WestSt 1 
Jln Raja Udang 
JlnBangau 
Lengkok Bahru
Upp Boon Keng Rd  
Brighton Ave 
Jurong West Ave 5 
Compassvale Walk 
Simei Ln 
Boundary Cl 
Fernvale Lk 
"Punggol Central, Pl"
"Senoko Cres, Dr, Rd"
"Thomson Ter, Walk"
Lor Kismis 
St. George's Ln 
Cornwall Gdns 
Woodlands Ter
Bt Batok St 11 
Faber Dr 
Tampines St 44 
Woodlands Industrial Pk E5
Jln Lembah Thomson
Jln Rajah 
"Lor 4, 8 Geylang"
Berwick Dr 
Jln Chempaka Kuning 
Changi Rd 
Jln KelabuAsap 
Jln Anhherek
Telok Blangah Hts 
Hougang Ave 9 
"Yunnan Dr 1, Rd"
Woodlands Dr 16
Yishun Ave 11 
Ang Mo Kio Ave 5 
Bt Batok West Ave 6 
Jln Molek 
Katong Rd 
Kurau Ter 
Chuan Cl 
Redhill Cl 
Sin Ming Ave 
Arthur Rd 
College Ave East 
Lor Kismis
Recreation Ln 
Pasir Ris Dr 1 
Bedok Reservoir Rd
Jln Dua 
JlnTeck Whye 
Tai Keng Gdns
S'goon Ave 4 
CommonwealthCres 
Peakville Ave 
"Lor 34, 36Geylang"
Jln Lateh 
Pasir Ris Dr 4
Jln Ulu Siglap 
Jln Korban 
Branksome Rd
Elizabeth Dr 
Choa Chu Kang St 64 
Poole Rd
Primrose Ave
Boon Lay Dr
Pulasan Rd 
Jln Chegar 
Handy Rd
Woodlands St 41 
Kee Choe Ave
Jln Tenggiri 
Pasir Ris Rise 
Leedon Hts
Poh Huat Rd West 
Alnwick Rd 
BoscombeRd 
Jln Kayu 
Choa Chu Kang Ave4 
Kang Choo Bin Walk 
Havelock Rd
Jln Suka 
"Amber Gdns, Rd"
S'goon Nth Ave 4
Defu Ln 9
Pending Rd
Highland Cl 
Jurong West St 25 
Ah Hood Rd 
Bt Batok St 33 
Flora Rd 
Woodlands Dr 14 
Chiku Rd 
Bedok Rd 
Rosewood Dr 
Guillemard Rd 
Admiralty Dr 
Kew Dr 
Jurong East St 24 
"Bedok Pl, Rd "
Hougang St 22
Bt Batok St 21 
Sturdee Rd 
Hougang Ave 5 
Hougang Ave 5
Toa Payoh Nth 
"Tai Keng Ave, Gdns, Ter"
Hendry Cl 
Jurong East Ave1 
Carpmael Rd 
Joo Chiat Ln
Wellington Circle
Klang Ln 
CommonwealthDr 
Bloxhome Dr
Bedok South Ave 1
S'goon Central Drive 
Lor 5 Toa Payoh 
Jln Chorak 
Upp East Coast Rd 
Strathmore Ave 
Admiralty Rd West
Pasir Ris Dr 3 
Woodlands Dr 72
Bishan St 12 
Choa Chu KangCres 
Jln Limau Bali 
Yio Chu Kang Rd 
Coldstream Ave 
Happy Ave East 
Joo Chiat Ter 
Jln Bahagia 
Rosyth Rd
"Happy Ave Nth, East "
Cantonment Rd 
Jln Merlimau
Holland Pk 
Bukit Batok West Ave 6 
Anchorvale Lk 
Beatty Rd 
Joo Chiat Ter 
"Lor M, N Telok Kurau"
"Lor 17, 21 Geylang"
Flora Rd 
Venus Rd
Bt Batok St 11 
Jansen Rd 
Kaki Bt Pl
Mei Ling St
Mattar Rd
"Begonia Cres, Dr "
"Kaki Bt Ave 2, 3 "
Sims Ave
"Bedok Ave, Rd "
Jln Kelichap
Jurong West Ave 3 
"Chuan Dr, Lk"
Leicester Rd 
Lor 2 Toa Payoh
Hougang St 52 
"Eng Kong Cres, Gdn, Ter"
Hougang Ave 5 
Eunos Ave 7
Loyang View
Harvey Rd 
Hougang Central 
Derbyshire Rd 
Wimborne Rd
Hoy Fatt Rd 
Simei Ln 
Lowland Rd
Jln Bukit Ho Swee 
"Lor 6, 7 Realty Pk"
Grange Rd 
Elliot Walk 
Dunman Rd
Bukit Batok St21 
Sin Ming Ave
Jln Paras 
Jelapang Rd 
"Corporation Rise, Walk"
Bt Batok West Ave 4 
Bendemeer Rd
Dunman Rd 
Jln Isnin 
Lakeside Dr
Holt Rd 
 Ang Mo Kio Ave 5 
Woodlands St 13 
Jln Tiga Ratus
Jln Kechot 
Gambir Walk 
Simei St 4 
Bt Batok St 32 
Tampines St 82
"East Coast Dr, Ter"
Jln Anggerek
Jln Ma'mor 
Bedok Rise
Jln Tari Dulang 
Bedok Nth Ave 4 
Lor Marzuki
Potong Pasir Ave 1 
Cornwall Gdns 
Lim Tua Tow Road
Jln Kemboja 
Toh Tuck Ter
S'goon Ave 2
Chuan Hoe Ave 
"Eng KongCres, Gdn"
Yishun Ave 7 
Lor 105 Changi 
Teban Gdns Rd
Geylang Bahru 
Upp Boon Keng Rd 
Mcnair Rd 
Jln Sultan 
Penjuru Pl 
Lor 23 Geylang
Pasir Ris St 53 
Pine Cl 
Choa Chu Kang Nth 5
Pine Gr 
Shunfu Rd 
S'goon Ave 4 
Grace Walk
Tampines St 23
Teck Whye Ave 
Lor L 
Lor 33 Geylang 
Bedok South Rd 
Tampines St 24 
Bedok Industrial Pk E
Everitt Rd Nth 
"Robin Cl, Walk"
Lakepoint Dr
Kang Ching Rd 
"Bedok Ln, Rd"
Kitchener Lk 
Jurong East St 24
Jln Khamis 
Teck Whye Ln 
Vernon Pk 
Dryburgh Ave 
Lim Tua Tow Rd 
S'goon Nth Ave 4 
Jln Batu 
Marine Dr 
Crawford Ln 
Jln Satu
Woodlands Ave 5 
Tanah Merah Kechil Ave 
Punggol Pl 
Kaki Bukit Ave 3
Green Ln 
Teban Gdns Rd 
Hougang St 51 
Toa Payoh Nth 
Tai Hwan Ter
Tampines Ctrl 7 
Bt Batok West Ave 2 
Sirat Rd 
Jurong West St 73
Flower Rd 
Walk 
Fernwood Ter 
Tampines St 21 
Jln Chermai 
Buffalo Rd 
Tampines St 41
"Verde Ave, Pl"
Jln Satu 
Choa Chu Kang St 51
Guillemard Rd 
Jln Tenaga 
Boon Teck Rd
Lor 7 Toa Payoh 
Joo Chiat Rd
"Kim Chuan Dr, Ter"
Jln Lekar
Woodlands St 82 
Lor Pisang Emas
Hougang Ave 7 
Aljunied Ave 2 
"Lor 13, 15 Geylang"
Tanjong Rhu Rd
"Lor 104, 105Changi"
Jln Jarak 
Woodlands Dr 71 
Vaughan Rd
Chun Tin Rd 
Simei St 2 
Ubi Ave 1 
Bt Batok West Ave 6 
Tanjong Rhu Rd
Bt Batok East Ave 3 
Tampines St 22 
Woodlands Dr 52 
Fidelio St
Woodlands Dr 70 
Neram Rd
Bt Batok St 52 
Playfair Rd 
Woodlands Dr 50 
St Georges Ln
Fajar Rd 
"Eastwood Green, Pl, Walk "
Butterfly Ave 
Clementi West St 2 
Lucky Gdns 
Ee Teow Leng Rd
"Bedok Ln, Rd, Walk "
Yishun Ave 7
Towner Rd 
Circuit Link 
Jedburgh Gdns
Joon Hiang Rd 
"Aroozoo Ave,Ln "
Dunman Ln
Mt Vernon Rd 
Clementi St 12 
Evelyn Rd
Defu Ave 2 
Springside Cres 
"Parry Ter, View, Walk "
Pasir Ris Street 13 
Dakota Cres 
Ang Mo Kio Ave 2
Lor Ampas 
Lim Tua Tow Rd
Woodlands St 83 
Jln Salang 
"Yunnan Cres, Dr 1, Dr 2, Dr 3"
Woodlands Rise 
West Coast Dr 
Towner Rd
Kwong Ave 
Somme Rd 
"Corporation Rise, Walk "
Hillside Dr 
Mt Rosie Rd
"Duku Ln, Pl, Rd "
Gilstead Rd
Woodlands Sector 1
Jln Gembira 
S'goon Ave 4 
Fernwood Ter 
Bournemouth Rd 
Bt Batok St 25 
Lim Tua TowRd 
Tampines St 23 
Boon Lay Ave 
Bristol Rd 
Kampong Arang Rd 
Ubi Ave 1 
Yishun St 21 
"Lor K, L Telok Kurau"
"Peakville Gr, Walk"
East Coast Ter
Miltonia Cl 
"Casuarina Rd, Walk"
Woodlands Dr 60 
S'goon Rd 
Aljunied Ave 2 
Jln Binchang
Changi Rd 
Carlisle Rd 
Jln Telang
Eng Kong Cres
"Faber Ave, Green"
Aroozoo Ave 
Geylang Rd 
Jln Cherpen
"West Coast Ln, Pl, Ter"
Coronation Rd West 
Bangkit Rd 
Happy Ave Nth
Opal Cres 
Lor 20 Geylang
Charlton Ln 
Hougang St 11 
Lor 22 Geylang
Stirling Rd 
"Tampines Pl, Rd"
Bedok Nth Rd
Lor 1 Toa Payoh 
Tampines Ave 4 
"Brighton Ave, Cres "
Poh Huat Rd West 
Jln Novena Barat
Tanglin Halt Rd
"Dunman Ln, Rd"
"Lor 32, 34Geylang "
Sgn Central Dr
Jln Chorak 
Woodlands Lk
Edgefield Plains
Choa Chu Kang Loop 
Peakville Ter 
Bedok North Ave 4 
Lor 28 Geylang 
"Frankel St, Walk"
Begonia Dr
Woodlands Ind Pk E1
CompassvaleLink 
Medway Dr 
Golden Rise 
"Lor 25A, 27 Geylang"
Jln Grisek 
Jln Rabu
Jurong East Ave 1 
Simei St 4 
Joon Hiang Rd 
"Parry View, Walk"
Yishun Ave 11
Yishun St 11 
Hythe Rd 
Flora Dr 
Bt Batok East Ave 5 
"Lor M, N Telok Kurau"
Bedok Reservoir View 
Yishun Ave 11 
Punggol Walk 
Tg Rhu Rd 
Bishan St 25 
Thomson Walk
Huddington Ave 
Fernvale Ln 
Mimosa Ter
Queen St 
Lor 39 Geylang
Tampines St 91 
Rivervale St 
Geylang Rd 
Jln Tua Kong
Upper Serangoon Cres 
Pasir Ris Gr 
MacphersonRd 
Jurong West St 93 
Elite Ter 
Upp S'goon Cres 
Hougang St 91 
Bishan St 13 
Bt Timah Rd 
Clementi Ave 4 
Corporation Dr 
Lincoln Rd
McNair Rd 
Flora Road
Jln Bintang Tiga 
Bedok South Ave 1
Boo Lay Pl 
Wholesale Ctr
Chai Chee St
Cambridge Rd 
Defu Ln 7 
Jln Batai 
Bedok Nth Rd 
Simon Pl
Amber Rd
Nim Rd 
Rangoon Rd 
Kim Keat Cl
Ang Mo Kio Ave 2 
Tampines St 32 
Balestier Rd 
Jln Limau Bali
Bright Hill Cres 
Punggol Walk 
Tampines St 41 
Mei Ling St 
Compassvale Rd 
"Woodlands Industrial Pk E3, E5"
Hythe Rd 
Tampines Ave 4 
Poh Huat Ter
Joo Chiat Rd
Ford Ave 
Punggol Dr
Bright Hill Dr 
Crane Rd 
Ubi Ave 4 
Jln Mariam
Braddell Hill 
Metropole Dr 
Lor Mydin 
"Nim Rd, Rise "
Lor 40 Geylang 
Bedok Ln 
Joo Chiat Rd 
Hougang Ave 2 
Yishun St 11 
Rivervale Lk 
Holland Hill
Amber Gdns 
Corporation Road 
Simei St 1 
Canberra Dr
Aljunied Rd 
Delta Ave 
Jelebu Rd 
Henderson Rd 
"Saraca Dr, Pl, Rd"
Fernvale St 
Lor 40 Geylang
"Lor J, K Telok Kurau"
"Tai Hwan Cl, Hts"
Race Course Rd 
Woodlands Ring Rd 
Woodlands  Ave 1 
Jln Lekub 
Jln Membina
Hougang Ave 4
Jurong West St 65 
Pasir Ris St 12 
Tampines St 82 
Bedok Ctrl
Jln Kembangan 
Lor Melayu
Balam Rd 
Bedok Nth St 4 
Jln Ulu Siglap
Lakepoint Dr 
Lor Chuan 
Jln Antoi 
Hougang Ave 2 
Kew Hts
Jurong East St 13 
Clementi St 11 
Shunfu Rd 
Park VillasRise 
Haig Ln 
Trevose Cres 
Choa Chu Kang Ave 1 
Choa Chu Kang Central 
Lange Rd
Goodman Rd 
Pasir Ris Dr 6 
Yishun Ring Rd
Sembawang Cl
Tyrwhitt Rd
Mandai Estate
Bt Batok Ctrl 
King George's Ave 
Hougang Ave 4 
Barker Rd 
Ang Mo Kio Ave 9
Jln Tanjong 
Joo Chiat Pl
St Patricks Rd
Bt Batok East Ave 2 
Seletar Nth Lk
Brighton Cres 
Veerasamy Rd 
Flander Sq 
Tampines St 83 
Lor How Sun 
Pasir Ris Dr 6
Toh Tuck Rd 
Jln Pergam 
Farrer Pk Rd 
Chuan Dr 
Hougang St 51
Jln Leban 
S'goon Ave 3 
Anchorvale Dr 
Tanah Merah Kechil Rd 
Lor Puntong 
Telok Blangah Dr 
Kismis Pl
Surin Ave 
Sgoon Central 
Boundary Cl 
Mt Sophia 
"Happy AveCentral, East,Nth "
"Eastwood Dr, Green, Pl, Walk "
Huddington Ave
Commonwealth Cres
Sembawang Rd
Bedok Nth St 3 
Bedok South Ave 2 
Hougang Ctrl 
Lor 3 Geylang 
Jln Mata Ayer 
Guillemard Rd 
S'goon Nth Ave 4 
Jurong West St64 
Jln Songket
How Sun Close
Tampines Pl 
Toh Tuck Rd
Parry Ter 
Woodlands St 82 
Bishan St 24 
Rochdale Rd 
Braddell Rd 
Compassvale Rd 
Lor 6 Geylang
Jln Bt Merah 
Dunbar Walk 
Kaki Bukit Indus Ter
Woodlands Ave 1 
Lor 5 Toa Payoh 
Chin Swee Rd 
Jln Melati 
Merryn Ter 
Chia Ping Rd 
Jln Sayang 
Toh Tuck Rd
Ghim Moh Rd 
Jurong West St 62 
Potong Pasir Ave 1 
Hougang Ave 4 
S'goon Central 
Bedok Nth St 2 
Upp Aljunied Ln 
Dafne St 
Aroozoo Ave 
"Jln Kelichap, Jln Lokam "
New Upp Changi Rd 
Bt Batok Ctrl 
Lor Lew Lian 
Kensington Pk Dr 
Kang Choo Bin Walk 
Yishun Ave 6 
Lor K Telok Kuraru 
Old Airport Rd 
Ho Ching Rd 
Jurong West St 81 
Lor 24A Geylang 
Pasir Ris Dr 4 
Ceylon Rd 
Bukit Batok St 21 
Choa Chu Kang Nth 6 
Alexandra Rd
Tuas South Ave 1
Amber Rd 
Amber Rd 
Woodlands Dr 14 
Tampines St 81 
Admiralty Street
Jurong West St 61 
Almond Ave 
Carlisle Rd 
Lor M Telok Kurau
Hougang St 22 
Chiku Rd 
Jln Chempaka Kuning 
Coldstream Ave 
Pine Cl
Paya Lebar Way 
Claymore Rd
Anchorvale Rd 
Woodlands Dr 50 
Pemimpin Pl
"Bishan St 13, 15 "
Corporation Rd
Flora Dr
Sturdee Rd
"Kings Dr, Rd "
Da Silva Ln 
Balam Rd 
West Coast Dr 
Crowhurst Dr 
Upp Changi Rd East 
Aida St 
Butterworth Ln
Bedok South Ave 3 
Havelock Rd 
Jln Bangsawan
Bedok Ria Ter
Jln Molek 
Akyab Rd 
"Pasir Ris Hts, View "
Dover Rise 
Jurong West St 92 
Chai Chee St
Edgedale Plains
Jurong East Ave 1 
Jln Loyang Besar
Geylang EastAve 1 
Toa PayohCentral 
Blandford Dr 
Lor Kismis 
Tah Ching Rd
Choa ChuKang Ave 2 
Recreation Rd 
Eastwood Dr 
Eden Gr 
Telok Blangah Dr 
Yuan Ching Rd
Cheng Soon Cres
Tembeling Rd
Lor 8 Geylang
Almond Ave 
Edgedale Plains
Stamford Rd
Circuit Rd 
S'goon Ave 2 
Figaro Gdns
Mergui Rd
Kasai Rd
Yishun Ave 2 
Jurong West Ave 1 
Pasir Ris St 12 
Boon Lay Dr 
Cowdray Ave 
Yishun Ave 2 
Ruby Ln
Clover Cres
Senja Cl 
Jurong East St 32 
Lor 40 Geylang
Lor 14 Geylang
Jln Kelichap 
Woodlands St 31 
Jln Berjaya 
Changi Rd
Tampines St 34 
Tampines St 32
Jln Derum
Boon Lay Pl 
Woodleigh Pk
Yio Chu Kang Rd
Lor Marzuki 
Joo SengRd 
Everitt Rd 
Pasir Ris Lk
"Tai Hwan Ave, Cl, Htgs"
"Eastwood Dr,Green, Pl, Ter,Way "
Bt Batok St 32 
Yishun St 72
White House Rd
Frankel Ter 
Shaw Rd
Joo Chiat Walk
Lentor Green
"Bedok Ria Cres, Pl"
Clementi Ave 5
"Kings Cl, Rd "
Wilby Rd
Ang Mo Kio Ave10 
Serangoon Ave 3 
Saraca Ter
Geylang Serai 
Woodlands Dr 16 
Jurong West St61 
South Buona Vista Rd
Amber Rd 
Kerong Ln 
Jurong West St 64 
S'goon Rd 
Happy Ave Nth
"Daisy Ave, Rd"
"Bedok Ln, Walk "
Geylang East Ave 2 
Choa Chu Kang Ave 2 
Pasir Ris Dr 10
Bt Batok St 52
Woodlands Ind Pk E1
Brockhampton Dr 
Changi Rd
Woodlands St 13 
Lor H TelokKurau
Bedok Reservoir View
Boon Keng Rd 
Kwong Ave
Compassvale Bow
Jln Bahagia 
Jln Rindu 
Fernvale Cl
Pending Rd 
Bedok Rise 
"Tai Hwan Hts, Walk"
Hindoo Rd 
Yishun Ring Rd 
"Bright Hill Cres, Dr "
Telok Blangah Cres 
Jln Tambur 
Woodlands Centre Rd 
Jln Mata Ayer 
College Ave East
Moonstone Ln 
"Eastwood Green, Rd, Ter, Walk, Way "
East Coast Ter 
Bt Batok WestAve 5 
Jln Nuri 
Haig Rd 
"Defu Ln 4, 7"
Hougang Ave 8
Jln Isnin 
Upp Bt Timah Rd 
Holland Cl 
"Joo Chiat Ave, Pl, Walk "
Jurong West Ave 1 
Chestnut Dr
Hougang St 91 
Simei Ln 
Parry Ter
Jln Hock Chye 
Wilkinson Rd
Sengkang East Way 
"Lor 1, 4, 6, 7Realty Pk "
Jurong WestAve 3 
"Kim Chuan Ln, Ter"
Bedok Nth Ave 3 
Woodlands Dr 73 
Aljunied Cres
Tampines St 72 
Lor 40 Geylang 
Macpherson Ln 
West Coast Rd 
Woodlands St 32 
Bishan St 11
Jln Damai
Bishan St 23
Joon Hiang Rd 
Whitchurch Rd
Bedok Reservoir View 
Jervois Rd
Mcnair Rd 
 Bt Mugliston 
Clementi St 11 
Compassvale Rd 
Jln Sotong 
Dorset Rd 
Toh Guan Rd
Jln Sotong 
Petir Rd 
Joo Ave 
Lengkong Tujoh 
Upp Changi Rd East 
Happy Ave Ctrl 
Jurong West St 52 
Jln Taman 
Florence Rd 
Ava Rd 
Jln Dondang Sayang 
Amber Gdns 
Jln Daud 
Segar Rd 
Usaha 
Lor Puntong 
Bt Batok East Ave 5 
Tampines Ave5 
Marine Parade Rd
Carlisle Rd 
Bt Batok St 23
Ang Mo KioAve 3 
Choa Chu Kang Ave 3
Woodlands St81 
Hougang St 11
Shunfu Rd
Lor 2 Toa Payoh 
Jln Tenaga 
Choa Chu Kang St 62 
Choa Chu KangSt 62 
Crowhurst Dr 
Jln Kechot 
Upp Boon KengRd 
Sembawang Pl 
Jurong West St 52
Yishun Ring Rd 
Bt Batok St 33 
Aljunied Cres 
Woodlands Dr 75 
Lor 42 Geylang 
Chia Ping Rd 
Everitt Rd
Green Ln 
Pasir Ris St 71 
Ang Mo Kio Ind Pk 2
Siglap Plain
Yishun St 21 
Ghim Moh Rd 
Holland Rd
Farrer Dr 
Bt Batok East Ave 2 
Bedok South Ave 3 
Zehnder Rd 
Jln Jurong Kechil
"Verde Cres, Gr"
Bedok Reservoir Rd 
Anchorvale Dr 
Tanjong Rhu Rd 
Margate Rd 
Changi Rd 
Punggol Ctrl 
Merryn Rd
Bukit Batok St 32 
River Valley Rd 
Woodlands Dr 40 
Moonstone Ln 
Pasir Ris Dr 6 
Ang Mo Kio Ave 10 
Jln Soo Bee 
Pasir Ris St 72 
Woodlands Dr 62
Braddell Rise 
Bedok Nth Ave 1 
Ubi Ave 4
Choa Chu Kang Ave 4 
Upp S'goon Cres 
Compassvale walk 
Jln Bunga Rampai 
Woodlands Dr 52
Bt Batok St 31 
Bedok Reservoir Rd
Kaki Bt Ave 2 
Farrer Rd
Woodlands Ave 5
Raglan Gr 
Kurau Ter 
"Mimosa Cres, Rd, View "
Tampines St 21
Upp Changi Rd
Gambir Walk
Sims Ave 
Aroozoo Ave
Bt Batok East Ave 4 
Bedok Ter
Lor 4 Toa Payoh 
"Lor 8, 12,14 Geylang"
"Lor 5, 6 Rea"
Jln Rajawali 
Tampines Ctrl 1 
Tampines Ave 9 
Woodlands Ave 1
Bt Batok St 41 
Bowmont Gdn 
Jln Kurnia
Green Ln 
Jurong West St 91
Marine Ter 
West Coast Rise
Sungei Kadut St 4
Jln Lakum 
Kent Rd 
"Lor L, M Telok Kurau"
Dunbar Walk
"Joo Hiang Rd, Serangoon Central "
St George's Ln 
Rivervale Dr
Brighton Ave 
Punggol Pl 
Hacienda Gr 
Tai Seng Ave
Clementi Ave 5 
Lor K Telok Kurau 
"Bedok Rise, Ter"
Corporation Rd 
Corporation Rise
"223B, 223C,Compassvale Dr"
Bedok Nth St 4 
Hougang Ave 1 
"Lor 24A, 26, 28, 32 Geylang "
Tampines Ctrl 7 
Punggol Dr 
1Hythe Rd 
Jln Besar
Glasgow Rd 
Parry View
Jln Chempedak 
Kim Tian Pl
Marine Ter 
Tampines St 91
Bt Mugliston 
Geylang East Ave 1 
Bt Batok St 34 
Sirat Pl 
Eng Kong Ter 
Anchorvale Link 
Jln Ishak 
Leith Pk 
Lor 35 Geylang 
Poh Huat Dr 
Bedok Walk 
Marine Vista 
Pasir Ris St 13 
Faber Cres 
Yishun St 81
East Coast Rd 
Pasir Ris St 51 
Tampines St 12 
Jurong East Ave 1 
Wilby Rd 
"Lor 16, 20, 22Geylang "
Woodlands Ave 1 
Clementi West St 2
Chempaka Kuning Lk 
Tanah Merah Kechil Ave 
Lor J Telok Kurau 
Yishun Ave 5
Highland Rd
Hougang Ave 6 
Jurong West St 81
Choa Chu Kang Ave 5 
Jalan Raya 
"Kings Dr, Rd"
Bishan St 23 
Hougang St 21 
Canberra Rd
Lor 23 Geylang 
 Neram Cres
"Sungei Kadut Ave, Way"
Cheviot Hill 
Jln Gajus 
Eunos Ave 7A
Choa Chu Kang Ave 5 
"Lor 15, 17Geylang"
Jln Loyang Besar 
Compassvale Walk 
Holland Ave 
Choa Chu Kang Rd
Pasir Ris St 21 
Braddell Rd 
Dover Cres 
Dido St 
Blandford Dr 
Keppel Bay View 
Hougang St 31 
Tampines Ctrl 7 
Jln Seaview 
"Brighton Ave, Cres "
Hougang Ave 6 
Jln Rumia
Lengkong Empat 
West Coast Ln 
Almond St 
Teck Whye Ave 
Chander Rd
Lor 1 Toa Payoh
Jln BungaRampai 
"Tai Hwan Gr, Ter"
"Mei Hwan Dr, Rd"
Yishun Ave 5 
Nim Rd 
Plantation Ave
Bedok South Ave 1 
Choa Chu Kang Ave 1 
Punggol Dr 
Peck Hay Rd
Woodlands Ave4 
Rochdale Rd 
CompassvaleDr 
Bedok Nth Ave 1 
"Lor 7, 9, 11,13, 17, 21"
Riverina View
Whampoa West 
East Coast Rd 
Sungei KadutSt 2
Lor 7 Toa Payoh
 Joon Hiang Rd 
"Lor J, K Telok Kurau "
Simei St 4
Hume Ave
Kallang Bahru 
"Westwood Ave, Walk"
Upp S'goon Cres 
Ah Soo Gdn
Choa Chu KangAve 4 
Tampines St 45 
Choa Chu Kang St 51 
Jurong West St 52 
Pasir Panjang Rd 
Bishan St 11 
Woodlands Dr 42
Cres Rd 
"Lor 6, 8 Geylang"
Jln Taman 
Sommerville Walk 
Woodlands St 41 
Frankel Pl 
Jurong East St 24 
Bedok Reservior Rd 
Jln Keris 
Redhill Cl
Gentle Dr 
Lor Biawak
Haig Ave 
Lor 31 Geylang 
Pasir Ris Dr 6 
Wilton Cl 
Flower Rd
Tampines St 42 
"Holland Hill, Rd"
Buffalo Rd 
Ang Mo Ko Ave 4 
Jln Batalong East 
Kang Ching Rd 
Pesari Walk 
Hai Sing Rd 
Ang Mo Kio Ave 3 
Toh Tuck Rd 
"Cashew Cres, Lk "
Kaki Bkt Industrial Ter
Jurong East St 32 
Kim Keat Ave 
Jln Korban 
Sims Dr 
373)
Fowlie Rd
Jurong West Ave 5 
Jln Cherpen 
Martaban Rd
Choa Chu Kang St 51 
Flower Rd 
Yishun Central 
Choa Chu Kang Ave 3 
Jervois Rd
Serangoon NthAve 4 
Koon Seng Rd 
Circuit Rd 
Lor Lew Lian 
Hougang ave 8
Bedok Nth St 3 
Bedok Nth St 3
Holland Hill 
Coldstream Ave 
Mimosa Cres
Chai Chee Dr 
"Tembeling Ln, Rd"
Branksome Rd
Jln Kuang 
Flanders Sq 
Kg Arang Rd
Clementi Ave 3 
"Eunos Ave 7, 7A"
Woodlands Dr 72 
Elite Ter
West Coast Cres
Cavan Rd 
"Robin Cl, Walk "
Lor 14 Geylang 
Geylang East Ave 2
Jln Loyang Besar 
Bt PanjangRing Rd 
Lor 3 Geylang 
Shan Rd
Neram Cres
Kim Keat Cl 
Guillemard Rd
Bt Panjang Ring Rd 
"Eastwood Green, Ter, Way"
Prince George's Pk
Joon Hiang Rd 
Lor Kismis
Bishan St 13 
"Haig Ave, Ln, Rd"
Anchorvale Lk 
Beach Rd
Lor L Telok Kurau 
Sin Ming Dr
Pasir Ris St 72 
Margoliouth Rd
Elias Rd 
Cashew Rd 
May Rd 
Guillemard Rd
Yio Chu KangRd
Sgoon Nth Ave 1 
"Lor 6, 7 RealtyPk"
"Duku Ln, Pl "
Anchorvale Ln 
Puay Hee Ave 
Berrima Rd 
Joo Chiat Ave 
Jln Leban
Park VillasGreen 
Bedok Reservoir Rd 
Telok Blangah Rise 
"Eastwood Green, Pl "
College Ave West
Senja Rd 
Hougang Ave 1 
Hougang Ave 9 
Beach Rd 
Cashew Rd 
Aljunied Cres 
Woodlands Circle 
Jln Jamal 
Bright Hill Cres 
Lentor Loop 
Windsor Pk Rd
Sembawang Cres 
Guillemard Cres 
Sengkang West Way 
Recreation Ln 
Jln Keruing
Jln Siantan
Siglap Ave South 
Jurong West St 62 
Lor Melayu 
Jln Lateh 
"Li Hwan Cl, Dr, Ter, View"
Delta Ave 
Rosyth Rd 
Jln Selamat 
"Eastwood Dr, Green, Pl, Rd, Ter, Way "
Pasir Ris St 13 
Eunos Rd 5 
Branksome Rd 
Pasir Ris Lk 
"Happy Ave Central, East, Nth "
Hougang Ave3 
Kwong Ave 
Lor 14 Geylang 
Lor N Telok Kurau 
Eunos Ave 3 
Kitchener Link 
Cheng Soon Cres 
Tampines St 82 
Kim Keat Rd 
Pasir Ris Gr 
Dido St 
Jurong West St 64 
Jln Raja Udang 
Yishun St 22 
Bowmont Gdns
Clementi West St 1 
Woodgrove Ave 
Brighton Ave 
How Sun Dr 
Pasir Ris Dr 1
Bukit Batok St 31 
"Farrer Dr, Rd"
Jln Baiduri
Cassia Cres 
Marine Parade Rd 
Farrer Pk Rd
Charlton Ln 
Upp East Coast Rd 
Lor Melayu 
Lor 5 Toa Payoh 
Pasir Ris Dr 6 
Lor Pisang Emas 
Lucky Hts 
Cowdray Ave 
Alexandra Rd 
Jelapang Rd
Rifle Range Rd
Woodlands St 82
Ipoh Ln
Eunos Ave 4 
Pemimpin Pl
Ubi Ave 1 
Canberra Dr
"Pasir Ris Dr 4, Lk"
Bishan St 22 
East Coast Ave 
Cardiff Gr 
Avon Rd 
Woodlands Dr16 
Brighton Cres 
Upp Boon Keng Rd 
Woodlands Cres
Chiselhurst Grove 
Rivervale Dr 
Yishun Ave 9
How Sun Dr 
Simei St 3 
Bedok South Ave 1 
Hougang Ave 10 
Choa Chu Kang St 64 
"Senoko Ave, Way"
"Sungei Kadut St 2, 3"
Ang Mo Kio Ave 9 
Jln Redop
Jln Rebana
Lakeside Dr
Jln Jamal
Tampines St 21 
Bedok Gdn 
Dairy Farm Rd 
Woodlands St 81
Lor Liew Lian 
Clementi Ave 4 
"Bedok Ln, Rd, Walk"
"Frankel Cl, Dr"
Woodlands Industrial Pk E5
Tanjong Rhu Rd 
Tai Yuan Hts
Haig Rd
Tai Seng Lk
"Woodlands Ind Pk E3, E5, E7, E9"
Tampines St 43 
Kallang Ave
Evelyn Rd 
Sungei Kadut Loop 
St George's Rd 
"Eastwood Dr, Green, Pl, Ter,Way "
Boon Lay Ave 
Gray Ln 
Geylang East Ave 2
Tampines Ave 1 
Jln Chengam 
"Lor 9,13,15, 19Geylang"
Balestier Rd
West Coast Rd 
West Coast Cres 
How Sun Dr
"Phoenix Gdn, Walk"
Yishun St 71 
Lor L Telok Kurau 
Carisbrooke Gr
Jln Menarong
Jurong West Central 1 
Woodlands Ave 6 
Kampong Ampat 
Sembawang Rd 
Rowell Rd 
 Jln Manis 
Jln Novena Barat 
West Coast Rd 
Jln Daud
Lor 4 Toa Payoh 
Cotswold Cl
Pasir Ris St 11 
Sing Joo Walk
Sunset Vale 
Hong San Walk 
Joo Chiat Pl 
Jln Ishak 
Buangkok Cres 
Jln Teck Whye 
Irrawaddy Rd
Jln Melor 
Woodlands St 31 
Woodlands Dr 52 
Lor J Telok Kurau 
"Jln Kelichap, JlnLokam "
Choa Chu Kang Nth 5 
Eng Kong Ter 
Jurong West St 73 
Lor Chuan 
Ang Mo Kio Ave 3
Eunos Road 5 
Sea Breeze Walk 
Simei Rise 
Kew Cres 
Dafne St 
Macpherson Rd
Fernvale Rd 
Whampoa Dr 
Yuan Ching Rd 
Boon Keng Rd
Brighton  Cres 
Jurong West St 73 
Lor 2 Toa Payoh 
Spottiswoode Pk Rd
Ghim Moh Lk
Jurong East Ave 1 
Bedok Gdn 
Angsana Ave 
Hougang Ave 6 
Frankel Ave 
Chempaka Ave 
Lor 1A Toa Payoh 
Bedok Nth Rd 
Bishan St 23 
Recreation Rd 
Tai Thong Cres 
Bishan St 15 
Geylang East Ave 1
Bt Batok Ctrl Lk 
Jln Tarum
Tuas South St 15 
Seagull Walk
Boon Lay Dr 
Cantonment Rd
Lavender St
Chai Chee Dr 
Lor 19 Geylang 
Woodlands Dr16 
Dalvey Rd 
Old Choa Chu Kang Rd 
Cuff Rd 
Choa Chu Kang Ave 2 
Upp Changi Rd
Ang Mo Kio Ave 9 
Lor 8 Geylang 
Jln Berseh 
Jln Kakatua
Kranji Rd
Lor 6 Realty Pk
Tampines Ave 9 
Kurau Pl 
Chestnut Ave 
Geylang East Ave 1 
S'goon Ctrl 
Yishun Ave 4 
Kg Eunos
Tampines St 43 
How Sun Rd 
Defu Ln 3
Lengkong Lima
Ang Mo Kio Ave 10 
Chestnut Ave
Hume Ave 
Jurong 
Tanah Merah Kechil Rd South 
Tampines Ave 5 
Empress Rd
Kitchener Rd 
Gardenia Rd 
Yishun St 722
Jln Angklong 
Jalan Kechot
Charlton Rd
"Lor J, K Telok Kurau"
Marsiling Dr 
Choa Chu Kang Ave 2 
Hougang St 61 
Klang Ln 
Daisy Rd 
Jurong West St 91 
Bloxhome Dr
"Eastwood Dr, Green, Rd, Ter, Walk, Way "
Compassvale Bow 
Lor J TelokKurau 
Choa Chu Kang St 51 
Kaki Bt Pl 
Glasgow Rd
Lim Tua Tow Rd
Boscombe Rd 
Choa Chu Kang Ave 1 
Upp Aljunied Ln 
White House Pk
Glasgow Rd 
Admiralty Dr 
Jln Membina 
Green Ln
Jln Kelulut 
Jln Bt Merah
Shaw Rd
Jln Pacheli 
Jln Membina 
"Pasir Ris Lk, Rise"
Marymount Ter 
Ang Mo Kio Ave3 
EdgefieldPlains 
Jln Kesoma 
Sengkang East Way 
Telok Kurau Rd 
Leicester Rd 
Lor 2 ToaPayoh 
"Lor 14, 16, 20Geylang"
Golden Walk 
Aroozoo Ln 
"Sunrise Ave, Cl, Dr, Ln, Ter, Way "
Duku Rd 
Bukit Batok West Ave 4 
"East Coast Ave, Rd, Ter"
Bukit Timah Rd 
Ave 2 
Lor 13 Geylang 
Boon Lay Ave 
Jln Jarak 
West Coast Ln
"Tai Keng Gdns, Ter"
Pasir Ris St 21 
Spottiswoode Pk Rd
Marine Parade Rd 
Delta Ave 
Nemesu Ave 
Koon Seng Rd
Stirling Rd 
Harvey Ave 
Gilstead Rd 
Lor 16 Geylang
Leith Pk 
Plantation Ave
Toa Payoh East 
Stirling Rd 
Recreation Ln
Chu Yen St
S'goon Nth Ave 3 
S'goon Ctrl 
Jln Ikan Merah
Rivervale Cres 
Lor 1 Toa Payoh 
Lorong Chuan
Yishun St 61 
Geylang Rd 
Tampines Ave 1 
"Joo Chiat Ave, Pl, Walk "
Corporation Dr
 Kurau Gr 
Joon Hiang Rd
Jurong East St 21
How Sun Dr 
Toh Cl
Bedok Nth Ave3 
Teban Gdns 
Sturdee Rd 
Bt Batok St 31 
Jln Kelichap 
Kaki Bt Indus Ter 
Jln Ikan Merah 
S'goon Nth Ave 1 
Balmoral Rd 
Poh Huat Dr 
Lor 35 Geylang
Rivervale Walk 
Fernvale Rd 
Lor 5 ToaPayoh 
Jln Joran
Sembawang Cl 
Hooper Rd 
Beatty Rd 
Kaki Bt Ave 1
Rochor Rd 
Woodlands Dr 71 
Pasir Panjang Rd 
Carmen Ter 
Hai Sing Rd 
Jurong WestAve 1 
Choa Chu Kang Ctrl
Yishun Ind St 1 
Jln Chempedak 
Florissa Pk
Woodlands Ring Rd 
Jln Pari Burong 
"Joo Chiat Ave, Pl, Walk"
"Hougang Ave 3,Hougang Ave 3"
Bangkit Rd 
Jln Merah Saga 
Windsor Pk Rd
Kang Ching Rd
Wellington Circle 
Jln Besar 
"Bedok Cl, Rise, Rd, Ter "
Pillai Rd 
Highgate Cres 
East Coast Rd 
Bt Batok St 11
Kovan Rd
Sin Ming Walk 
Geylang Rd 
Hougang Ave 4 
French Rd 
Blair Rd 
Holland Cl 
Jln Terubok 
Tampines St 42 
Jln Krian 
Sims Ave 
S'goon Ctrl Dr 
Tampines St 34 
Tampines Ave 3 
Westwood Ave 
Hougang St 51 
Berwick Dr 
Somapah Rd  
Marine Cres
Jln Baiduri 
Bedok Nth St 3 
"Bedok Cl, Rise, Ter "
Holland Cl 
Jln Isnin 
Yishun St 61 
Woodlands St 41
Bedok Nth St 3 
Rochor Rd 
Loyang Cres
Pulasan Rd 
Jln Limau Bali 
Grace Walk 
Kurau Ter 
Woodlands St 31 
Carpmael Rd 
Lor 32 Geylang 
Jln Senang 
Phillips Ave 
Clementi Ave 5 
Shelford Rd
Frankel Cl
Tampines St 82 
Tampines St 33
Ang Mo Kio 
"Hougang Ave 3, Hougang Ave 3 "
Bodmin Dr 
Lor J Telok Kurau
Jln Eunos 
Old Choa Chu Kang Rd
Old Choa Chu Kang Rd
Eastwood Green 
Duku Rd
Pk Rd
Clementi Ave 4 
Duku Rd 
Holland Ave 
Kew Cres 
Tampines Ave 9 
Joo Chiat Ave 
Ah Soo Gdn 
Jln Merah Saga
Kurau Gr 
Vernon Pk
Jln Loyang Besar
Geylang Bahru
Jln Tenaga 
Lowland Rd 
Tampines St 83 
Marsiling Ln
Seagull Walk 
Desker Rd 
Choa Chu KangAve 3 
Sgn Nth Ave 1
"Jln Kelichap, Jln Lokam "
Tanah Merah Kechil Rd
Cranborne Rd 
Clementi Ave 2 
Cheng Soon Gdn
Sembawang Cres 
Chestnut Ave 
Tampines Ave 1 
Thiam Siew Ave
Yung Loh Rd 
Jln Arif 
St. George's Ln 
Jln Merah Saga 
Hougang St 11
"Lor 105, 106Changi"
Jln Terang Bulan 
Lor 32 Geylang 
Jurong East St 21
Merpati Rd 
Tah Ching Rd 
Jln Sultan 
Jln Belangkas 
Marsiling Rd 
Cedarwood Gr
Tampines St 33 
Yunnan Cres
Jln Minggu 
"Jln Gelenggang,Tarum "
CompassvaleBow 
S'goon Nth Ave 1 
S'goon Ave 3
Jln Grisek 
Tampines St 42
Serangoon Central 
Canberra Rd 
Bangkit Rd 
Simei St 1 
Anchorvale Ln 
Jln Limau Nipis 
Verde Place
Cheviot Hill 
Marsiling Dr 
Ang Mo Kio Ave 10
Guan Soon Ave 
Island Gdns Walk 
Telok Blangah Dr 
Walmer Dr
Pasir Ris Dr 4 
Kovan Rd 
Limau Gdn 
Lor 1 Toa Payoh 
Boon Teck Rd 
Pasir Ris Dr 10 
Jln Khamis 
Jurong West St 52 
Compassvale Lk 
Hythe Rd
Lor Abu Talib 
Pasir Ris St 13 
East Coast Rd
Yishun St 11 
Lor 16 Geylang
Jln Besar 
Lor 37 Geylang 
Jln Minggu 
Sims Pl 
Tampines Ave 4 
Telok Blangah Cres 
Kim Keat Ave 
"Eng Kong Cres,Rd "
Woodlands Circle 
Choa Chu Kang St 52 
Admiralty Rd West
Defu Ln 9 
Nathan Rd 
"Lor K, L TelokKurau"
Daisy Ave 
"Sunrise Ave, Dr, Ter "
Chartwell Dr 
Tampines St 41 
St. Patrick's Rd
Leith Rd 
Yishun Ave 2 
Wodlands Dr14 
Ah Soo Gdn
Charlton Ln 
Lor Buang Kok
Eastwood Ter
Hougang Ctrl 
Gangsa Rd 
Changi Nth St 1
Seletar Hills Dr
Simei Rd 
Charlton Ln
Mei Ling St 
"408, 411)"
Ubi Ave 1
Jln Rahmat 
Defu Ln 8
Tampines St 72 
Jurong St 65 
Jln Bt Merah 
Punggol Central 
"Eastwood Green, Rd, Ter, Walk, Way "
Jln Malu­Malu 
Jln Bt Ho Swee 
Redhill Rd 
Bedok Nth Ave 4 
 Hougang Ave 1 
Yishun Ave 3 
Defu South St 1
Norris Rd 
Pasir Ris St 21
Hillside Dr
Flora Rd 
Choa Chu Kang St 51 
Bright Hill Cres 
Enggor St 
Eng Kong Gdn 
Changi South Ave 1
Bedok Nth Ave 3 
Upp Boon Keng Rd 
Punggol Field 
Hougang Ave 3 
Surin Rd 
Aroozoo Ave 
"Lor 24, 24A, 26, 28, 32 Geylang "
Lor Marzuki 
Pasir Ris St 52 
Cheow Keng Rd 
Lakeside Dr 
"Merryn Ave, Ter"
Fulton Rd 
Sirat Rd
"Clover Ave, Cres "
"West Coast Ave, Ln, Ter"
Compassvale St 
Tampines St 44 
Flower Rd 
Elite Pk Ave
Bishan St 12
Belmont Rd 
Yishun Ave 11 
Jln Chengam 
Lor Ah Soo 
"Pasir Ris Dr 3, Dr 4, Lk, Rise "
Ang Mo Kio Central 3
Choa Chu Kang Rd 
Jln Kuang 
Jln Lanjut 
Jurong Lake Lk 
Mariam Way 
"Lor 26, 28Geylang"
Woodlands Ave 4 
"Daisy Ave, Rd "
Bright Hill Rd 
Cantonment Rd 
Hougang Ave 3
Brighthon Avenue
Lor 25 Geylang 
Ang Mo Kio Ave 9 
Cantonment Cl 
Tembeling Rd 
Amber Gdns
Bedok Industrial Pk E 
Bishan St 12 
Stamford Rd
Choa Chu Kang Dr 
Gentle Dr
Bedok Nth St 1 
Joo Ave 
Bedok Nth Ave 3 
Jln Pari Burong 
Joo Chiat Ln 
S'goon Gdns Dr 
Jln Manis 
"Jln Gelenggang, Tarum "
Buangkok Green 
Jurong West St 64 
Boon Keng Rd 
Kensington Park Dr
"Lor 32, 34, 36 Geylang"
Kaki Bt IndTer 
Mergui Rd 
Fort Rd 
Sungei Kadut Way
Langsat Rd 
Admiralty Lk 
Quemoy Rd 
Teck Whye Ave 
Tampines St 33 
Upp Boon Keng Rd
Ang Mo Kio Ave 4 
Sungei Tengah Rd
Yishun St 72 
Jln Chermai 
Jln Haji Salam 
Ernani St 
Jln Hock Chye 
Mandai Estate
Petir Rd 
Lor 7 ToaPayoh 
Geylang East Ave 1 
Jln Salang 
Jln Daud 
Chuan Hoe Ave
Bunga Rampai Pl 
Joo Seng Rd 
Bishan St 12 
Upp Paya Lebar Rd 
Jln Angin Laut 
Jurong West Ave 1 
Yishun Ring Rd 
Kranji Rd
Bishan St 13 
Puay Hee Ave
Nallur Rd
Peakville Walk
Eng Kong Cr
Nemesu Ave 
Hoy Fatt Rd 
Jurong West St 25 
"Lor J, K Telok Kurau"
Woodlands Ind Pk E1
Bedok Ria Cres
Bedok Gdn 
Miltonia Cl 
Woodlands Dr 14 
Lor 25 Geylang
Selegie Rd 
Chiltern Dr 
Bishan St 23 
Chai Chee St 
Siang Kuang Ave
Flora Drive
Chartwell Dr 
Jurong West St 42 
Choa Chu KangSt 52 
Cairnhill Circle 
Da Silva Ln 
Rivervale Cres 
Jurong West St 93 
Ang Mo Kio Ave 10 
Jervois Ln 
Commonwealth Dr 
Bedok Nth Rd 
Punggol Ctrl 
Lim Tua Tow Rd 
Bedok South Rd 
Akyab Rd 
Bedok Reservoir Rd 
Beach Rd 
Jurong West St 92 
Kampong Eunos 
Pasir Ris Gr
Lor 28 Geylang 
Strathmore Ave 
Tampines Ctrl  1 
Bedok Sth Ave 1
Hillside Dr 
Jln Ikan Merah 
Pasir Ris St 11
Tampines Ctrl 1 
Sengkang EastRd 
Bt Batok West Ave 5 
Ipoh Ln 
Woodgrove Dr 
East Coast Rd
Jln Kechot
"Eastwood Ter, Way"
"Marsiling Ind Est Rd 1, 9"
Woodlands Circle
Macpherson Rd
Colchester Grove 
Yishun Ctrl 
Yishun St 71 
"West Coast Ln, Pl, Ter"
Kang Ching Rd 
Simei St 2 
Butterworth Ln 
Macpherson Ln 
Yishun Ind Pk A
Marsiling Cres 
Jurong West St 75 
Ampat 
Bt Batok West Ave 8 
Sin Ming Ave 
Chuan Gdn
Telok Kurau Rd
Bedok South Ave 3 
Toa Payoh Ctrl 
Bowmont Gdns 
Kew Hts 
Sungei Kadut St 1
"Eastwood Dr,Green, Pl, Ter, Way "
Woodlands Ring Rd 
Tampines St 24 
Lew Lian Vale 
Owen Rd 
Bedok Reservoir Rd 
Kaki Bt Ind Ter
Tampines Ave 8 
Choa Chu Kang Dr 
Clementi Ave 5 
Chai Chee Rd 
Tagore Ln
Lor 17 Geylang 
Cassia Cres 
Tanah Merah Kechil Rise
Bedok Ter 
Kaki Bt Industrial Ter
Jln Dusun 
Jurong East St 31 
Choa Chu Kang Ave 3 
Teban Gdns Rd 
Kang Ching Rd 
Bt Batok West Ave 4 
Eunos Cres
Taman Permata
Eastwood Dr 
Kaki Bt Ind Ter
Lor Ah Soo 
"Lor 6, 7 Realty Pk "
"Joo Chiat Pl, Ter"
Bedok Nth Ave 4 
Tg Katong Rd
Choa Chu Kang Ave 3
Daisy Ave 
Simon Pl
"Sungei Kadut St 4, 5"
Harvey Rd 
Woodlands St 82 
Bedok South Ave 2 
Chuan View 
Jln Mutiara 
Charlton Rd 
Ang Mo Kio Ave 5 
Elias Rd
Tanah Merah Kechil Rd
Carisbrooke Gr 
Elias Rd 
Pemimpin Dr 
Choa Chu Kang Central 
Choa Chu Kang Cres 
Jln Sembilang 
Lor 8 Geylang
Ang Mo Kio Ave 1 
Figaro St 
"Verde Cres, Gr"
Jln Gembira
Jln Batu 
Toh Yi Dr 
Woodlands Dr 16 
Pasir Ris Hts 
"Jurong West St 91, Jurong West St 92"
Crescent Rd 
"Verde Ave, Grove, Pl, Walk"
"Jln Kelichap, Jln Lokam"
Corporation Walk
Jln Angin Laut 
Amber Gdns 
Woodlands St13 
Boundary Rd 
Bridport Ave 
Jln Khairuddin 
Corporation Rise 
Canberra Cres
Pandan Gdns 
Parliament Pl 
Keng Chin Rd 
Woodlands Ave1 
"Lor 1, 6, 7Realty Pk "
Geylang Bahru 
Chempaka Ave 
Woodlands Dr 42 
Bedok North Road 
Yung Sheng Rd 
Chiltern Dr 
Bournemouth Rd 
Maju Ave 
Cornwall Gdns
Toh Guan Rd 
Pearl's Hill Ter
"Brighton Ave, Cres "
Tai Thong Cres
"Li Hwan Cl, View"
"Siglap Rd, Dr"
Tampines Ave 5 
Ipoh Ln 
Jurong West Ave 1 
Jln Chulek 
Senja Rd 
Yishun St 11
Jurong West St 42 
"Joo Chiat Ave, Pl"
Yishun St 51 
Tampines St 32 
"Peirce Dr, Rd"
Seletar Nth Lk
Jurong West St 42 
Yung Ho Rd 
"Leith Pk, Rd "
Lor Mydin 
Petir Rd 
Admiralty Dr 
Buangkok Cres 
Dunbar Walk 
Tampines St 33 
Jln Kemuning 
Keppel Bay Dr 
Parry View 
"Farrer Dr, Rd "
Jellicoe Rd 
Lor N TelokKurau
Compassvale St 
Bedok Nth Ave2 
Nth Coast Ave
Toh Tuck Rd 
Jln Labu Ayer
Gangsa Rd
Mimosa Cres 
Nallur Rd
Almond Cres 
Jln Isnin
"Lor 25, 25AGeylang"
Bt Batok St 21 
East Coast Rd
Chiap Guan Ave
S�goon Ave 2 
Buffalo Rd 
Sennett Ave
Jln Sempadan 
Chuan Cl
Bedok Nth St 3 
Jln Limau Bali 
Tampines St 91 
Westwood Ave
Yishun St 61 
Lor Liew Lian 
Woodlands Ave 6 
Kee Choe Ave 
Clementi Ave 2 
Phoenix Rd 
Tampines St 11 
Lucky Cres 
Farleigh Ave 
Commonwealth Dr 
"Tanah Merah Kechil Ave, Rd, Rise"
Bencoolen St 
Peakville Ave
Lengkong Tiga
Jln Hikayat 
S'goon Nth Ave 4 
Ang Mo Kio Ave 9
"Bedok Ln, Rd"
Jln Lengkok Sembawang 
Stamford Road
Tampines St 21 
Bt Merah View 
Circuit Link
Lor Marican 
Bt Batok St 24 
Haig Rd 
Woodlands St 81 
Jln Krian 
Ava Rd 
Jln Lembah Thomson 
Jurong West St 52 
Jln Raja Udang 
Jurong West St 93 
Lor 4 Geylang 
"Sunrise Ave, Dr, Ln, Ter, Way "
Punggol East 
McNair Rd 
Faber Dr
Butterworth Ln
"Sea Breeze Ave, Walk "
Belilios Rd 
Hougang Ave 9 
Hougang St 31 
Goldhill Ave
Geylang East Ctrl 
Pasir Ris Lk 
Jln Sentosa 
Hazel Pk Ter
Geylang Serai 
Woodlands St 4 
"Tai Hwan Ave, Cl"
Woodlands Ring Rd 
Bt Merah View 
Punggol Rd 
Bt Batok Cres Bt Batok St 23
Choa Chu Kang Ctrl 
"Lor 30, 32Geylang"
Bishan St 11 
Chai Chee Rd
Lengkok Mariam
Tampines Ave 4 
Nassim Rd 
Fowlie Rd 
Defu Ln 1 
Jln Senang
Serangoon Ctrl 
Jln Chermat 
"Jln Pari Burong, Dedap"
"Mei Hwan Cres, Dr"
"Bedok Cl, Rise, Ter "
Harvey Rd
Dunlop St 
Jurong West St 73 
Lor 14 Geylang
Fidelio St 
Tampines St 23 
Phoenix Rd 
Yishun St 71 
Yishun St 22 
Lor H Telok Kurau
Bedok Ctrl 
Tampines St 41 
Henderson Rd 
Woodlands Cres 
Balam Rd 
Marine Cres  
Lor 12 Geylang 
Hougang ave 4 
Tampines Ave 1 
Jln Merdu
Daisy Ave 
Clementi St 13 
Somapah Rd
Parliament Pl 
Limbok Ter 
Ang Mo Kio Ave 4 
Lor 8 Toa Payoh 
First St 
Clementi Ave 1 
Ang Mo Kio Ave 2
Yishun St 71
Admiralty Dr
Choa Chu Kang Ave 3 
"Parry Ter, View"
Upp Changi Rd East
Lompang Rd 
Jln Labu Ayer 
Jln Haji Salam 
Kampong Eunos 
Lor K Telok Kurau 
Maria Ave
Jln Teck Whye 
Bedok South Ave 3 
Pasir Panjang Hill 
Fulton Ave 
Bedok Nth Ave 4 
"Eunos Ave 1, 4, 5, 5A, 6, 7, 8A "
Clementi Ave 4
Yishun Ave 6 
Choa Chu Kang Nth 6 
Highland Rd 
Lor 40 Geylang 
Aljunied Ave 2 
"Eastwood  Dr, Green,  Pl, Walk "
Brighton Ave 
Ang Mo Kio Ave 3 
Elias Ter 
Cranborne Rd
Jln Pelikat
Jln Gembira 
Bishan St 15
Kent Rd 
Canberra Rd 
Pasir Ris St 72
Jurong West St 93
Yishun St 21 
Tanglin Halt Rd 
Jln Besar
Kaki Bt Rd 
Nth Canal Rd 
Compassvale
Tampines St 71 
 Pasir Ris Dr 6 
Bishan St 13 
Jln Bunga Rampai 
Beach Rd 
Tanjong Katong Rd
Potong Pasir Ave 2 
Langsat Rd
Yishun St 31 
Yuan Ching Rd 
Jln Peradun
Kee Choe Ave 
WoodlandsAve 5
Eunos Ave 3 
Choa Chu Kang St 64
Dickson Rd 
Telok Blangah Rise 
Hougang Ave 1
Choa Chu Kang Dr 
Tampines St 44 
Elliot Rd 
Lor Chuan 
Lengkok Tiga 
Bright Hill Dr 
Tai Seng Lk
Tampines St 32 
Geylang Bahru 
Corporation Rd
Telok BlangahCres 
Jln Sayang
Woodlands Cres 
Yishun St 21
Sgn Ave 4 
Lucky View 
Lor 4 Geylang 
Clementi West St 2 
Woodlands Ave 5 
Tampines Ave 5 
Lincoln Rd 
Ang Mo Kio Ave 5 
Jln Daud 
Joo Chiat Pl
Sembawang Rd 
Simet St 4 
Jln Pari Burong 
Phillips Ave 
Jln Hari Raya 
Edgefield Walk 
S�goon Central Dr 
Boon Lay Pl 
Bishan St 13
Pasir Ris Dr 4 
Edgedale Plains 
Tampines Ave 4 
Siglap View
"Ubi Ave 1, Cres, Rd 1"
Bt Batok East Ave 5
"Kew Cres, Walk"
Jln Tiga Ratus 
"Eunos Ave 5, 5A, 6, 7, 8A "
Marine Dr 
Ang Mo Kio Ave 10 
Upp S'goon View 
Hougang St 52 
Crawford Ln 
Admiralty Lk 
Chuan Dr 
Bt Batok St 52 
Bt Batok West Ave 8 
Marine Parade Rd 
Jln Pari Kikis 
Woodlands Dr14 
Woodlands Ave 4 
"Westwood Ave, Dr, Walk"
Jln Bangsawan 
Jln Saudara Ku
Flora Dr 
Ang Mo Kio Ave 1 
Jln Angin Laut
Yishun Ave 6 
Elliot Rd
Anchorvale Dr 
"Lor 14, 16Geylang"
Bedok Industrial Pk E
Marigold Dr
"Eastwood Dr, Green, Pl, Rd, Ter, Walk, Way "
